fy,upper_bound,rate,band_name
2025,97000,0.24288,"$0 - $97,000"
2025,113000,0.16192,"$97,001 - $113,000"
2025,151000,0.08095,"$113,001 - $151,000"
2025,1000000,0,">$151,0001"